x,y,z,reachable,left_ok,right_ok,left_error,right_error,left_joint_margin,right_joint_margin,left_sigma_min,right_sigma_min
-0.75,0.2,0.2,0,0,1,0.13562044295303755,0.0005205072093596488,0.0,0.09569361890239758,0.15449513616901991,0.14770975681626639
-0.6,0.2,0.2,0,0,0,0.2151170955663766,0.06268111560021719,0.0,0.0,0.19990088739074563,0.09858707308516108
-0.44999999999999996,0.2,0.2,0,0,1,0.21697377538515028,9.374410416866262e-05,0.0,0.10900827291783388,0.20894258239452693,0.06990471659713236
-0.29999999999999993,0.2,0.2,1,1,1,0.00030294202815544916,0.000208448546733102,0.18581457079800723,0.36386411575398103,0.07586336968371342,0.1321806076127581
-0.1499999999999999,0.2,0.2,1,1,1,8.384686062920419e-06,3.658685086674834e-05,0.2872356308203967,0.25974800707330825,0.18289589134330275,0.1827442607608653
-0.1499999999999999,0.35,0.2,1,1,1,0.00011425885846310754,0.0015151190957937764,0.20778786263387694,0.6307698479964188,0.1956083611949188,0.16856448823658626
-0.29999999999999993,0.35,0.2,1,1,1,9.51605976132555e-06,1.859151851583836e-05,0.48660098157018705,0.7224542350175631,0.15982875038156708,0.17939313932509052
-0.44999999999999996,0.35,0.2,1,1,1,2.0167520780983877e-05,2.7431783718346217e-05,0.4306366873153189,0.4929933470911254,0.09649594531364165,0.1414467331845475
-0.6,0.35,0.2,1,1,1,0.00010974982720897942,2.0681825443094675e-05,0.20685737176041008,0.3648465844163242,0.09261033853837371,0.13797276186179888
-0.75,0.35,0.2,1,1,1,0.001988840078405543,8.582499195021577e-06,0.0,0.45212194596932864,0.0229453051888385,0.18032927492061765
-0.75,0.49999999999999994,0.2,0,0,1,0.5169905961921967,0.00194582511680386,0.0,0.8816970659805721,0.15128408948397942,0.202566893386508
-0.6,0.49999999999999994,0.2,1,1,1,0.0005569532130141356,6.72132638303306e-06,0.29837717983590073,0.8138382654147658,0.050454919507734876,0.19209231964586332
-0.44999999999999996,0.49999999999999994,0.2,1,1,1,0.000718335250337933,5.648288374380937e-06,0.4469510522834583,0.9227790485771439,0.10798763832113882,0.18861270841372849
-0.29999999999999993,0.49999999999999994,0.2,1,1,1,2.5591074530300727e-05,1.1550961686625664e-05,0.3576922301954042,0.8714414847365783,0.13618722305916428,0.1746362820555438
-0.1499999999999999,0.49999999999999994,0.2,1,1,1,0.0010764908931365407,4.9295290866092335e-05,0.12164654266970576,0.6593510631123267,0.14306058429512858,0.12581715888044478
-0.1499999999999999,0.6499999999999999,0.2,0,0,0,0.14640822239810247,0.015361358247921295,0.0,0.013820171841599116,0.0013808500181923145,0.021987958436675937
-0.29999999999999993,0.6499999999999999,0.2,0,0,1,0.060844923149831635,0.00017299668948683134,0.0,0.6482380756485113,0.018272952330361428,0.11876102413378298
-0.44999999999999996,0.6499999999999999,0.2,0,0,1,0.11397769427762068,3.455037775065407e-05,0.08943729352668406,0.8119966987362776,0.03486176145396476,0.156306902214543
-0.6,0.6499999999999999,0.2,0,0,1,0.4232524652920491,1.2344412067240909e-05,0.387925326922713,0.8949712779412649,0.12559577817737075,0.16901688129205739
-0.75,0.6499999999999999,0.2,0,0,1,0.274299385252271,0.0014046231074172875,0.0,0.8858849776397826,0.018904857760960375,0.16258430807311033
-0.75,0.7999999999999998,0.2,0,0,0,0.3253468241199183,0.024411530673348978,0.0,0.06766534009315195,0.12673717170104995,0.021831517258105608
-0.6,0.7999999999999998,0.2,0,0,0,1.1874692120442838,0.0036619145272040235,0.0,0.08599181694559666,0.022994119782451892,0.0003030483818346016
-0.44999999999999996,0.7999999999999998,0.2,0,0,0,0.2898950011297193,0.02174032713660136,0.0,0.03386464662011135,0.04986378980834147,0.042382931051629734
-0.29999999999999993,0.7999999999999998,0.2,0,0,0,0.4379470993342054,0.13372639048535234,0.0,0.03277732725692073,0.002198412471163194,0.01656575291987412
-0.1499999999999999,0.7999999999999998,0.2,0,0,0,0.5065932903298075,2.3562636437572086,0.0,0.0,0.0960580807416846,0.04234636158655917
-0.1499999999999999,0.9499999999999997,0.2,0,0,0,0.28232277936914507,2.6655359148747584,0.0,0.0,0.045236498120134555,0.045571845676607686
-0.29999999999999993,0.9499999999999997,0.2,0,0,0,0.34269279426510385,2.6048342918537357,0.0,0.0,0.20184205252408263,0.045571845676607686
-0.44999999999999996,0.9499999999999997,0.2,0,0,0,0.7590578923473073,3.0632518168551828,0.0,0.0,0.21164489702124764,0.028513648979745374
-0.6,0.9499999999999997,0.2,0,0,0,2.26776792445592,2.6912059630710625,0.0,0.0,0.11777333664046755,0.12134401489504444
-0.75,0.9499999999999997,0.2,0,0,0,1.8498628261743695,2.591229054090556,0.0,0.0,0.12773706334419693,0.13533912340829574
-0.75,0.9499999999999997,0.35,0,0,0,2.416111341056858,2.281581037976474,0.0,0.0,0.196128805949468,0.13066877266509083
-0.6,0.9499999999999997,0.35,0,0,0,0.950470612351805,2.499826829405577,0.0,0.0,0.0454188899676003,0.046231431011805074
-0.44999999999999996,0.9499999999999997,0.35,0,0,0,0.3526573822309982,1.742095777367515,0.0,0.0,0.04505193781879491,0.0537918233199205
-0.29999999999999993,0.9499999999999997,0.35,0,0,0,2.1021918506211876,1.8724571597568451,0.0,0.0,0.12953226683737326,0.09399164481787238
-0.1499999999999999,0.9499999999999997,0.35,0,0,0,2.2814615895960384,2.311813894700867,0.0,0.0,0.02516707276393574,0.13116305392328362
-0.1499999999999999,0.7999999999999998,0.35,0,0,0,0.34986660056513624,2.5221665518365906,0.0,0.0,0.04707541654488855,0.04436655690501981
-0.29999999999999993,0.7999999999999998,0.35,0,0,0,0.7776518673002497,0.37327346124850114,0.0,0.25047306309011286,0.07337476310798198,0.05993073340991949
-0.44999999999999996,0.7999999999999998,0.35,0,0,0,1.4678116942483388,0.009799214817613575,0.0,0.22361772564408228,0.04696541585732273,0.013246213721103755
-0.6,0.7999999999999998,0.35,0,0,1,0.49677926551776874,0.0006792850450203481,0.0,0.5490251653874696,0.08703825830073458,0.039953545058462735
-0.75,0.7999999999999998,0.35,0,0,0,2.010619943628663,0.008145932144516843,0.0,0.23912010484945467,0.20358983895181107,0.00889106648918195
-0.75,0.6499999999999999,0.35,0,0,1,0.1021532341434633,6.370378188795862e-05,0.0,0.9517597395355026,0.10123280019891458,0.1562570237225798
-0.6,0.6499999999999999,0.35,0,0,1,0.21165221693397895,1.1540974341565666e-05,0.0,0.9579106866044621,0.04681789386039431,0.15932021661782397
-0.44999999999999996,0.6499999999999999,0.35,0,0,1,0.05947216295170274,1.3689118621356094e-05,0.0,0.8794885065363096,0.04736544394469421,0.15068429677546297
-0.29999999999999993,0.6499999999999999,0.35,0,0,1,0.08480384869799545,4.4130603952733324e-05,0.0,0.7451745044141871,0.03226525822032078,0.12059907846371998
-0.1499999999999999,0.6499999999999999,0.35,0,0,0,0.2555755443076095,0.0026275701474201773,0.0,0.2563222659361821,0.04775231782406744,0.0002831992295618287
-0.1499999999999999,0.49999999999999994,0.35,1,1,1,2.874209810542424e-05,0.00028606963245222814,0.0730477162899188,0.6906237948579361,0.14474082275282074,0.1134710093424303
-0.29999999999999993,0.49999999999999994,0.35,1,1,1,0.001805433138995469,0.00016028778905927338,0.32459728349460626,0.798398029033496,0.13683590998866005,0.1536511841167365
-0.44999999999999996,0.49999999999999994,0.35,1,1,1,2.9589530980999072e-05,4.444196479978039e-05,0.5346178215794661,0.8537923647521248,0.10893293930888658,0.1738370390549953
-0.6,0.49999999999999994,0.35,1,1,1,0.00034454353437042584,1.4416803590150069e-05,0.6232652246032857,0.7292010109141565,0.062492125138818404,0.16105188264959086
-0.75,0.49999999999999994,0.35,0,0,1,0.37057422862637424,5.856878070494435e-06,0.6158510150657444,0.792761419826264,0.03187376243993395,0.1635972162739745
-0.75,0.35,0.35,1,1,1,4.6101728840608036e-05,0.00017569558062343954,0.5186590595156095,0.35049144904474216,0.07502566126549902,0.1313512154949748
-0.6,0.35,0.35,1,1,1,0.0008611183407861078,6.564795844192223e-05,0.6720348414609241,0.2758920600450394,0.12513085507713104,0.12231059224832344
-0.44999999999999996,0.35,0.35,1,1,1,2.2095565483214173e-05,0.0002638918053515497,0.5189900012140263,0.44446140762612085,0.13733956340756248,0.11073042379381715
-0.29999999999999993,0.35,0.35,1,1,1,1.2724220871416731e-05,3.097391511481203e-05,0.32863516926259173,0.5245489636440945,0.16321849636622604,0.07770502766875612
-0.1499999999999999,0.35,0.35,1,1,1,6.534093978721955e-06,0.0016055100297582181,0.08266443188206107,0.24562499960280704,0.16694216680899787,0.16663900510718674
-0.1499999999999999,0.2,0.35,1,1,1,0.0017552725278793706,2.9832765244187023e-05,0.0,0.10375741398398519,0.06590664154918453,0.1393872880820303
-0.29999999999999993,0.2,0.35,1,1,1,0.00018545103228381968,0.0017069386181324555,0.018572774150641624,0.2704707217392892,0.06238903528130709,0.14115213486165062
-0.44999999999999996,0.2,0.35,1,1,1,0.00016295407510622908,0.0001816435525529958,0.1970437160012004,0.20949689766419288,0.1152209516176806,0.1239701765511044
-0.6,0.2,0.35,1,1,1,8.954718845275892e-05,0.0019417089133466606,0.4553784589490233,0.0,0.18113361515454204,0.15756819813175071
-0.75,0.2,0.35,0,1,0,2.750419601602435e-05,0.1553539345123759,0.6364965697885441,0.0,0.18017845188163437,0.19553713269418366
-0.75,0.2,0.49999999999999994,0,1,0,2.1943870922773908e-05,0.17959642306521623,0.8371737543973223,0.0,0.1590197941580119,0.2250307278931352
-0.6,0.2,0.49999999999999994,1,1,1,0.00019926575020690296,0.0013104868271777749,0.6306862119603256,0.0,0.1324582990509183,0.21529361412521228
-0.44999999999999996,0.2,0.49999999999999994,1,1,1,5.9036939505293734e-05,0.0013257309764102177,0.24422325803589162,0.04195695302977409,0.14041638418280933,0.19700559309234592
-0.29999999999999993,0.2,0.49999999999999994,1,1,1,0.001982184371601683,1.8625910282299064e-05,0.0,0.06692239104692765,0.08251291487165632,0.16046877158533077
-0.1499999999999999,0.2,0.49999999999999994,0,0,1,0.021080914827449632,0.00026743299713953144,0.0,0.1630855561793152,0.12552137555268708,0.10821873875190301
-0.1499999999999999,0.35,0.49999999999999994,1,1,1,0.001806084728234866,0.0001944826891427279,0.0,0.7210702566405858,0.19907859002707234,0.052108563882476276
-0.29999999999999993,0.35,0.49999999999999994,1,1,1,2.864543549557403e-05,6.497531895813751e-05,0.24397910450473215,0.6370474953321452,0.19784988879012444,0.08973250170087824
-0.44999999999999996,0.35,0.49999999999999994,1,1,1,5.265239393027855e-05,0.00010373997748809321,0.49585637333562405,0.2293133266244054,0.2147287369673238,0.12497507203515956
-0.6,0.35,0.49999999999999994,1,1,1,4.798240031266162e-05,0.0017725461945935295,0.49372168531125693,0.0,0.20192911450097595,0.19264290842483497
-0.75,0.35,0.49999999999999994,1,1,1,4.2712029724419446e-05,0.0018857288861158822,0.4630462873925696,0.0,0.156992279183931,0.20206186326406542
-0.75,0.49999999999999994,0.49999999999999994,1,1,1,0.00015585723179420966,5.054060845412242e-05,0.3530625033374952,0.10268501340789427,0.09915464515858298,0.1356020579899789
-0.6,0.49999999999999994,0.49999999999999994,1,1,1,0.00020652079441086144,0.0013260555900886438,0.4000726845788529,0.16173410212237416,0.17351767583649455,0.14558428132849555
-0.44999999999999996,0.49999999999999994,0.49999999999999994,1,1,1,2.0915850523373626e-05,0.0013392797532249608,0.37147808400417737,0.25994756999903146,0.207807501801443,0.13024121440796038
-0.29999999999999993,0.49999999999999994,0.49999999999999994,1,1,1,0.0017825147392426914,0.00020093275020312276,0.22864150283411733,0.3365573039464953,0.2217148659235008,0.08223181658764624
-0.1499999999999999,0.49999999999999994,0.49999999999999994,0,1,0,0.0010617165109012075,0.09663266452285114,0.10095293419120166,0.0,0.21851646296524466,0.045224183996063684
-0.1499999999999999,0.6499999999999999,0.49999999999999994,0,1,0,0.0015550262789294708,0.43414246350485775,0.18729000801209184,0.003885194070817999,0.16412785913495187,0.004508502687874563
-0.29999999999999993,0.6499999999999999,0.49999999999999994,0,1,0,0.0010591739153222386,0.6638261816403543,0.24571140660355706,0.0,0.16626403438737894,0.07315329047744418
-0.44999999999999996,0.6499999999999999,0.49999999999999994,0,1,0,0.0011053146508030432,0.4995385750350646,0.2733105435307226,0.0,0.14602021403711146,0.019096281771832587
-0.6,0.6499999999999999,0.49999999999999994,0,1,0,0.00019661431494011065,0.08604561268001258,0.24401139226671065,0.0,0.08614121256714995,0.047455204196320204
-0.75,0.6499999999999999,0.49999999999999994,0,0,0,0.10894790008087997,0.19158168042882645,0.0,0.0,0.11924268125798458,0.002938992157534496
-0.75,0.7999999999999998,0.49999999999999994,0,0,0,0.6011791921411361,0.0391103294703184,0.0,0.0,0.04447667797851289,0.01358880484212198
-0.6,0.7999999999999998,0.49999999999999994,0,0,0,0.49324803883552976,2.499106019733265,0.0,0.0,0.04306883211589192,0.045571845676607686
-0.44999999999999996,0.7999999999999998,0.49999999999999994,0,0,0,0.0860556374743693,0.031036487945884487,0.06942795428991211,0.0,0.0018055819910613845,0.045154614959396676
-0.29999999999999993,0.7999999999999998,0.49999999999999994,0,0,0,0.014643469091533523,2.5981475995037635,0.08024255577159423,0.0,0.020792260220478156,0.045571845676607686
-0.1499999999999999,0.7999999999999998,0.49999999999999994,0,0,0,0.017952054725729655,2.2817867226499127,0.08082439849902245,0.0,0.024688181255145696,0.045571845676607645
-0.1499999999999999,0.9499999999999997,0.49999999999999994,0,0,0,0.6116380652989183,2.5564477946888853,0.0,0.0,0.219365259760578,0.1307029602053773
-0.29999999999999993,0.9499999999999997,0.49999999999999994,0,0,0,1.028870669064749,3.2181610152319027,0.0,0.0,0.026339725681808396,0.13070296020537728
-0.44999999999999996,0.9499999999999997,0.49999999999999994,0,0,0,0.5996825742492248,2.58737332254109,0.0,0.0,0.03226375514564807,0.045571845676607686
-0.6,0.9499999999999997,0.49999999999999994,0,0,0,1.3953103032220453,2.0059905740686603,0.0,0.0,0.13194833866902098,0.1226587284177337
-0.75,0.9499999999999997,0.49999999999999994,0,0,0,2.404135607614523,1.88994691613721,0.0,0.0,0.20069348406288698,0.04747050966572923
-0.75,0.9499999999999997,0.6499999999999999,0,0,0,2.3686784022979537,2.5646785203117615,0.0,0.0,0.16124164878977418,0.046071913106949976
-0.6,0.9499999999999997,0.6499999999999999,0,0,0,2.4331695370340323,2.471556698513015,0.0,0.0,0.13375846177198694,0.046267709193346086
-0.44999999999999996,0.9499999999999997,0.6499999999999999,0,0,0,1.770695076825374,2.6180393874085306,0.0,0.0,0.03875685372935319,0.045571845676607686
-0.29999999999999993,0.9499999999999997,0.6499999999999999,0,0,0,1.3229691647260993,2.5922113109110114,0.0,0.0,0.025466371167162244,0.04638900970894914
-0.1499999999999999,0.9499999999999997,0.6499999999999999,0,0,0,0.9893672556721115,2.973070466350597,0.0,0.0,0.1222268489757438,0.13140349156478248
-0.1499999999999999,0.7999999999999998,0.6499999999999999,0,0,0,0.09001434071704109,2.6888511483721715,0.14038185853654372,0.0,0.1271343241142725,0.045571845676607686
-0.29999999999999993,0.7999999999999998,0.6499999999999999,0,0,0,0.12963527322490706,2.6286879755178787,0.17047583454321186,0.0,0.020143205346889792,0.045571845676607686
-0.44999999999999996,0.7999999999999998,0.6499999999999999,0,0,0,1.9685342267178378,2.5758649900882267,0.0,0.0,0.04307983227243553,0.045571845676607686
-0.6,0.7999999999999998,0.6499999999999999,0,0,0,3.147318973885143,0.7263600873308937,0.0,0.0,0.19802721096936182,0.044036919274852405
-0.75,0.7999999999999998,0.6499999999999999,0,0,0,2.464747703665029,0.1155207682360017,0.0,0.6685586839210589,0.05631743247506254,0.12449873413069674
-0.75,0.6499999999999999,0.6499999999999999,0,0,0,1.1819692409148979,0.44896602177004985,0.0,0.0,0.04541316123193711,0.144151053338288
-0.6,0.6499999999999999,0.6499999999999999,0,0,0,0.015351678734618818,0.6822209622327046,0.3156010063554464,0.0,0.019237315410863168,0.0513335131334856
-0.44999999999999996,0.6499999999999999,0.6499999999999999,0,1,0,0.0006047480608149636,0.37204827937096446,0.423642525844524,0.0,0.10391344423047098,0.13037581012430025
-0.29999999999999993,0.6499999999999999,0.6499999999999999,0,1,0,5.5286552664414686e-05,0.3037867545858491,0.4099592295486496,0.0,0.1313059124402712,0.04742652712085457
-0.1499999999999999,0.6499999999999999,0.6499999999999999,0,1,0,0.0014656021890712,2.6562888983019395,0.39381409675233225,0.0,0.1302799545465718,0.045571845676607686
-0.1499999999999999,0.49999999999999994,0.6499999999999999,0,1,0,3.242137820405154e-05,0.25061246249113883,0.3071873728424337,0.0,0.1990987835178784,0.04663192628927435
-0.29999999999999993,0.49999999999999994,0.6499999999999999,0,1,0,0.001505229828924072,0.0364066750481422,0.4560744576268063,0.12504658357757004,0.19961610237928556,0.02115987144523636
-0.44999999999999996,0.49999999999999994,0.6499999999999999,1,1,1,0.001499252879956041,0.0010836519762303996,0.5029273607407094,0.22559770697288162,0.1802017777481924,0.07104792465233019
-0.6,0.49999999999999994,0.6499999999999999,1,1,1,4.452792419328917e-05,0.00016132934071950704,0.4945483889957778,0.1418504094139137,0.13745083897639548,0.09296463970205651
-0.75,0.49999999999999994,0.6499999999999999,1,1,1,0.0014191292022543603,0.00018283723425411536,0.4464784959576917,0.005134677166727997,0.018483146180656267,0.07368727611144858
-0.75,0.35,0.6499999999999999,1,1,1,0.0005107811876058166,0.0006772019180652949,0.6588463275031464,0.001636179102426194,0.11576221594259647,0.16941008040715264
-0.6,0.35,0.6499999999999999,1,1,1,0.000271939924040881,0.0014341993203079602,0.6514800505142517,0.058882097614302076,0.16794069413699397,0.17572271458581568
-0.44999999999999996,0.35,0.6499999999999999,1,1,1,5.4548241685701834e-05,0.0012333942529853007,0.6651532011155501,0.11629766768049121,0.20604100900839686,0.15883874609874046
-0.29999999999999993,0.35,0.6499999999999999,1,1,1,2.911311070168765e-05,5.9353663447233226e-05,0.40870289290485173,0.18502854118373513,0.227482962951009,0.11999756657337174
-0.1499999999999999,0.35,0.6499999999999999,1,1,1,1.0157848771891754e-05,0.0018161609724583595,0.1485643639606542,0.3808763950423675,0.2290192207183593,0.018687638541775714
-0.1499999999999999,0.2,0.6499999999999999,1,1,1,0.0019389945027252701,8.844974190766006e-05,0.0,0.823811663038948,0.1934818376793686,0.06458641158403805
-0.29999999999999993,0.2,0.6499999999999999,1,1,1,3.604030302923605e-05,5.9403868523360375e-05,0.26134285757760445,0.3965324672083721,0.18691277043133672,0.07090786832333679
-0.44999999999999996,0.2,0.6499999999999999,1,1,1,0.00010629590787022512,2.1191231008550604e-05,0.4110450200742064,0.27742255626962553,0.17218529332281798,0.10019980733559335
-0.6,0.2,0.6499999999999999,1,1,1,0.00012973292462903731,7.918866669250852e-06,0.6383521977625075,0.048541423483271284,0.1433576200402637,0.1845282223875719
-0.75,0.2,0.6499999999999999,1,1,1,0.00021800137968335935,0.0017385727265679224,0.6416545936915679,0.0,0.10962188803146831,0.20619520381490652
-0.75,0.2,0.7999999999999998,1,1,1,0.000408442137947575,0.001929850017913661,0.8499924978894873,0.0,0.06309453575303155,0.14837978027195003
-0.6,0.2,0.7999999999999998,1,1,1,7.083942083884796e-05,0.0013001589944466525,0.7845324130423728,0.12457250560990696,0.12134218513314217,0.15475521826930505
-0.44999999999999996,0.2,0.7999999999999998,1,1,1,0.0005670122986396732,0.001681471263640539,0.4167332377345341,0.21650217493569368,0.19124792413418673,0.13056415890182876
-0.29999999999999993,0.2,0.7999999999999998,1,1,1,2.3183728711227555e-05,0.00024000115725170663,0.2633400219724935,0.23795363062855523,0.2241513343618554,0.0773127875174424
-0.1499999999999999,0.2,0.7999999999999998,0,1,0,0.0011398590137501308,0.060869786084320414,0.15101790182301533,0.20347758788546172,0.22378822368112547,0.021236281159657894
-0.1499999999999999,0.35,0.7999999999999998,0,1,0,7.518534836766816e-06,0.8087228302031454,0.2338902885164238,0.3335260981990573,0.20232459256627025,0.023275632821844174
-0.29999999999999993,0.35,0.7999999999999998,0,1,0,0.0017604736675183262,0.01849016888757191,0.46097686327902854,0.2638721691164445,0.20264915307057882,0.019510532658537708
-0.44999999999999996,0.35,0.7999999999999998,1,1,1,0.0018461437304206163,0.0009540746042367597,0.6818446092896511,0.2799393312755365,0.1786007956700272,0.07799783290024913
-0.6,0.35,0.7999999999999998,1,1,1,7.642978836415179e-05,0.0001427926856465481,0.9520064350899587,0.1846691405057057,0.13017335810443484,0.09987761130269303
-0.75,0.35,0.7999999999999998,1,1,1,0.0005733183327145245,0.0001235588932664829,0.568065476620983,0.029786245613043327,0.03508450351956389,0.0843516155769335
-0.75,0.49999999999999994,0.7999999999999998,0,0,0,3.0587546442886784,0.1844564809426298,0.0,0.0,0.045571845676607506,0.019727852786160672
-0.6,0.49999999999999994,0.7999999999999998,0,1,0,0.0002630704879900644,0.15849399569566844,0.7104591690322057,0.0,0.06413327197677417,0.046958425414310896
-0.44999999999999996,0.49999999999999994,0.7999999999999998,0,1,0,0.0007047851206514309,0.18375414190688527,0.6480277085486925,0.014328053018052955,0.1254426475798453,0.019219010795186172
-0.29999999999999993,0.49999999999999994,0.7999999999999998,0,1,0,4.2724342952923445e-05,1.4946842930496576,0.6298340423714897,0.0,0.15202296822752473,0.04202100695417695
-0.1499999999999999,0.49999999999999994,0.7999999999999998,0,1,0,2.0721592877484408e-05,2.6704775693135927,0.5642920143442813,0.0,0.1535050568401717,0.045571845676607686
-0.1499999999999999,0.6499999999999999,0.7999999999999998,0,1,0,0.0009834082922847694,2.69453154278573,0.4879106981437789,0.0,0.02368243972158432,0.045571845676607686
-0.29999999999999993,0.6499999999999999,0.7999999999999998,0,1,0,0.0013284840519485557,0.11309055667282236,0.5222423886158523,0.0,0.03374164157954816,0.11505427539641165
-0.44999999999999996,0.6499999999999999,0.7999999999999998,0,0,0,0.04808695514176897,2.5817939856090613,0.18691801888720017,0.0,0.0170788854169309,0.045571845676607686
-0.6,0.6499999999999999,0.7999999999999998,0,0,0,3.024412970615746,2.536876062927998,0.0,0.0,0.045571845676607506,0.045571845676607686
-0.75,0.6499999999999999,0.7999999999999998,0,0,0,3.0591715532875527,2.5001640212568046,0.0,0.0,0.045571845676607506,0.045571845676607686
-0.75,0.7999999999999998,0.7999999999999998,0,0,0,1.4943936691260444,2.534732711756253,0.0,0.0,0.21917673399719778,0.045571845676607686
-0.6,0.7999999999999998,0.7999999999999998,0,0,0,2.332415256538937,2.570951175249595,0.0,0.0,0.04557024148649052,0.045571845676607686
-0.44999999999999996,0.7999999999999998,0.7999999999999998,0,0,0,2.553491181457161,2.6152839178542995,0.0,0.0,0.024544561463471882,0.045571845676607686
-0.29999999999999993,0.7999999999999998,0.7999999999999998,0,0,0,1.1884689625959486,2.358249869256498,0.0,0.0,0.04288008752691542,0.0455718456766076
-0.1499999999999999,0.7999999999999998,0.7999999999999998,0,0,0,2.0481998143530005,2.726637126925301,0.0,0.0,0.18718794281243678,0.045571845676607686
-0.1499999999999999,0.9499999999999997,0.7999999999999998,0,0,0,2.3648141253767414,2.7665140174572898,0.0,0.0,0.1352265958403372,0.045571845676607686
-0.29999999999999993,0.9499999999999997,0.7999999999999998,0,0,0,1.430352570892009,2.7080767683575018,0.0,0.0,0.043788032041022724,0.045571845676607686
-0.44999999999999996,0.9499999999999997,0.7999999999999998,0,0,0,0.5496698503794121,2.656832655220789,0.0,0.0,0.04557184567660773,0.045571845676607686
-0.6,0.9499999999999997,0.7999999999999998,0,0,0,2.584250927403751,2.6132048776124472,0.0,0.0,0.13669518024103525,0.045571845676607686
-0.75,0.9499999999999997,0.7999999999999998,0,0,0,2.5529715386048637,2.6986682782527507,0.0,0.0,0.12493239150689325,0.04557184567660772
